Designator,Footprint,Quantity,Value,LCSC Part #
"C10, C4, C5, C9",0805,4,1uF,C28323
"C2, C3, C7, C8",CP_Elec_6.3x7.7,4,220uF,C340768
C6,0805,1,33n,C1739
D1,D_SMB_Handsoldering,1,SK84B,C65016
"H1, H2",MountingHole_2.2mm_M2,2,~,
L1,L_MDA1050_10x11mm,1,47uH,C2847567
R1,0805,1,150K,C17470
R2,0805,1,10K,C17414
RV1,Potentiometer_Bourns_TC33X_Vertical,1,1K,C719174
U2,TO-263-5_TabPin3,1,XL4015,C51661
U3,SOIC-8_3.9x4.9mm_P1.27mm,1,ATtiny25-10SSU,C148097
U4,SOT-89-3_Handsoldering,1,LR7533-M,C486076
